timestamp,cpu_util,vm_id,vm_type
2019-01-22 00:00:00,8.90098,vm-+awokSP9dTsmKHefodi+CuXd+PIhJQklrH4W8797MEq9hMgA8OmZeoHg2pI4Fs9U,Delay-insensitive
2019-01-22 01:00:00,8.95059,vm-+awokSP9dTsmKHefodi+CuXd+PIhJQklrH4W8797MEq9hMgA8OmZeoHg2pI4Fs9U,Delay-insensitive
2019-01-22 02:00:00,9.096055,vm-+awokSP9dTsmKHefodi+CuXd+PIhJQklrH4W8797MEq9hMgA8OmZeoHg2pI4Fs9U,Delay-insensitive
2019-01-22 03:00:00,9.004322,vm-+awokSP9dTsmKHefodi+CuXd+PIhJQklrH4W8797MEq9hMgA8OmZeoHg2pI4Fs9U,Delay-insensitive
2019-01-22 04:00:00,10.199867,vm-+awokSP9dTsmKHefodi+CuXd+PIhJQklrH4W8797MEq9hMgA8OmZeoHg2pI4Fs9U,Delay-insensitive
2019-01-22 05:00:00,10.9361315,vm-+awokSP9dTsmKHefodi+CuXd+PIhJQklrH4W8797MEq9hMgA8OmZeoHg2pI4Fs9U,Delay-insensitive
2019-01-22 06:00:00,9.904012,vm-+awokSP9dTsmKHefodi+CuXd+PIhJQklrH4W8797MEq9hMgA8OmZeoHg2pI4Fs9U,Delay-insensitive
2019-01-22 07:00:00,11.544647,vm-+awokSP9dTsmKHefodi+CuXd+PIhJQklrH4W8797MEq9hMgA8OmZeoHg2pI4Fs9U,Delay-insensitive
2019-01-22 08:00:00,10.263482,vm-+awokSP9dTsmKHefodi+CuXd+PIhJQklrH4W8797MEq9hMgA8OmZeoHg2pI4Fs9U,Delay-insensitive
2019-01-22 09:00:00,10.913981,vm-+awokSP9dTsmKHefodi+CuXd+PIhJQklrH4W8797MEq9hMgA8OmZeoHg2pI4Fs9U,Delay-insensitive
2019-01-22 10:00:00,8.887597,vm-+awokSP9dTsmKHefodi+CuXd+PIhJQklrH4W8797MEq9hMgA8OmZeoHg2pI4Fs9U,Delay-insensitive
2019-01-22 11:00:00,9.98671,vm-+awokSP9dTsmKHefodi+CuXd+PIhJQklrH4W8797MEq9hMgA8OmZeoHg2pI4Fs9U,Delay-insensitive
2019-01-22 12:00:00,9.765235,vm-+awokSP9dTsmKHefodi+CuXd+PIhJQklrH4W8797MEq9hMgA8OmZeoHg2pI4Fs9U,Delay-insensitive
2019-01-22 13:00:00,8.994857,vm-+awokSP9dTsmKHefodi+CuXd+PIhJQklrH4W8797MEq9hMgA8OmZeoHg2pI4Fs9U,Delay-insensitive
2019-01-22 14:00:00,10.177998,vm-+awokSP9dTsmKHefodi+CuXd+PIhJQklrH4W8797MEq9hMgA8OmZeoHg2pI4Fs9U,Delay-insensitive
2019-01-22 15:00:00,9.020169,vm-+awokSP9dTsmKHefodi+CuXd+PIhJQklrH4W8797MEq9hMgA8OmZeoHg2pI4Fs9U,Delay-insensitive
2019-01-22 16:00:00,9.683035,vm-+awokSP9dTsmKHefodi+CuXd+PIhJQklrH4W8797MEq9hMgA8OmZeoHg2pI4Fs9U,Delay-insensitive
2019-01-22 17:00:00,8.76194,vm-+awokSP9dTsmKHefodi+CuXd+PIhJQklrH4W8797MEq9hMgA8OmZeoHg2pI4Fs9U,Delay-insensitive
2019-01-22 18:00:00,8.942084,vm-+awokSP9dTsmKHefodi+CuXd+PIhJQklrH4W8797MEq9hMgA8OmZeoHg2pI4Fs9U,Delay-insensitive
2019-01-22 19:00:00,8.752673,vm-+awokSP9dTsmKHefodi+CuXd+PIhJQklrH4W8797MEq9hMgA8OmZeoHg2pI4Fs9U,Delay-insensitive
2019-01-22 20:00:00,8.8772,vm-+awokSP9dTsmKHefodi+CuXd+PIhJQklrH4W8797MEq9hMgA8OmZeoHg2pI4Fs9U,Delay-insensitive
2019-01-22 21:00:00,9.10222,vm-+awokSP9dTsmKHefodi+CuXd+PIhJQklrH4W8797MEq9hMgA8OmZeoHg2pI4Fs9U,Delay-insensitive
2019-01-22 22:00:00,10.160636,vm-+awokSP9dTsmKHefodi+CuXd+PIhJQklrH4W8797MEq9hMgA8OmZeoHg2pI4Fs9U,Delay-insensitive
2019-01-22 23:00:00,9.009421,vm-+awokSP9dTsmKHefodi+CuXd+PIhJQklrH4W8797MEq9hMgA8OmZeoHg2pI4Fs9U,Delay-insensitive
2019-01-23 00:00:00,9.024698,vm-+awokSP9dTsmKHefodi+CuXd+PIhJQklrH4W8797MEq9hMgA8OmZeoHg2pI4Fs9U,Delay-insensitive
2019-01-23 01:00:00,9.080608,vm-+awokSP9dTsmKHefodi+CuXd+PIhJQklrH4W8797MEq9hMgA8OmZeoHg2pI4Fs9U,Delay-insensitive
2019-01-23 02:00:00,9.047595,vm-+awokSP9dTsmKHefodi+CuXd+PIhJQklrH4W8797MEq9hMgA8OmZeoHg2pI4Fs9U,Delay-insensitive
2019-01-23 03:00:00,9.066604,vm-+awokSP9dTsmKHefodi+CuXd+PIhJQklrH4W8797MEq9hMgA8OmZeoHg2pI4Fs9U,Delay-insensitive
2019-01-23 04:00:00,8.88943,vm-+awokSP9dTsmKHefodi+CuXd+PIhJQklrH4W8797MEq9hMgA8OmZeoHg2pI4Fs9U,Delay-insensitive
2019-01-23 05:00:00,8.915104,vm-+awokSP9dTsmKHefodi+CuXd+PIhJQklrH4W8797MEq9hMgA8OmZeoHg2pI4Fs9U,Delay-insensitive
2019-01-23 06:00:00,10.062152,vm-+awokSP9dTsmKHefodi+CuXd+PIhJQklrH4W8797MEq9hMgA8OmZeoHg2pI4Fs9U,Delay-insensitive
2019-01-23 07:00:00,8.989202,vm-+awokSP9dTsmKHefodi+CuXd+PIhJQklrH4W8797MEq9hMgA8OmZeoHg2pI4Fs9U,Delay-insensitive
2019-01-23 08:00:00,9.318827,vm-+awokSP9dTsmKHefodi+CuXd+PIhJQklrH4W8797MEq9hMgA8OmZeoHg2pI4Fs9U,Delay-insensitive
2019-01-23 09:00:00,9.247354,vm-+awokSP9dTsmKHefodi+CuXd+PIhJQklrH4W8797MEq9hMgA8OmZeoHg2pI4Fs9U,Delay-insensitive
2019-01-23 10:00:00,8.927306,vm-+awokSP9dTsmKHefodi+CuXd+PIhJQklrH4W8797MEq9hMgA8OmZeoHg2pI4Fs9U,Delay-insensitive
2019-01-23 11:00:00,8.999703,vm-+awokSP9dTsmKHefodi+CuXd+PIhJQklrH4W8797MEq9hMgA8OmZeoHg2pI4Fs9U,Delay-insensitive
2019-01-23 12:00:00,9.047306,vm-+awokSP9dTsmKHefodi+CuXd+PIhJQklrH4W8797MEq9hMgA8OmZeoHg2pI4Fs9U,Delay-insensitive
2019-01-23 13:00:00,8.88149,vm-+awokSP9dTsmKHefodi+CuXd+PIhJQklrH4W8797MEq9hMgA8OmZeoHg2pI4Fs9U,Delay-insensitive
2019-01-23 14:00:00,10.177682,vm-+awokSP9dTsmKHefodi+CuXd+PIhJQklrH4W8797MEq9hMgA8OmZeoHg2pI4Fs9U,Delay-insensitive
2019-01-23 15:00:00,8.939117,vm-+awokSP9dTsmKHefodi+CuXd+PIhJQklrH4W8797MEq9hMgA8OmZeoHg2pI4Fs9U,Delay-insensitive
2019-01-23 16:00:00,9.048782,vm-+awokSP9dTsmKHefodi+CuXd+PIhJQklrH4W8797MEq9hMgA8OmZeoHg2pI4Fs9U,Delay-insensitive
2019-01-23 17:00:00,9.058219,vm-+awokSP9dTsmKHefodi+CuXd+PIhJQklrH4W8797MEq9hMgA8OmZeoHg2pI4Fs9U,Delay-insensitive
2019-01-23 18:00:00,9.090051,vm-+awokSP9dTsmKHefodi+CuXd+PIhJQklrH4W8797MEq9hMgA8OmZeoHg2pI4Fs9U,Delay-insensitive
2019-01-23 19:00:00,8.996602,vm-+awokSP9dTsmKHefodi+CuXd+PIhJQklrH4W8797MEq9hMgA8OmZeoHg2pI4Fs9U,Delay-insensitive
2019-01-23 20:00:00,9.051513,vm-+awokSP9dTsmKHefodi+CuXd+PIhJQklrH4W8797MEq9hMgA8OmZeoHg2pI4Fs9U,Delay-insensitive
2019-01-23 21:00:00,9.019693,vm-+awokSP9dTsmKHefodi+CuXd+PIhJQklrH4W8797MEq9hMgA8OmZeoHg2pI4Fs9U,Delay-insensitive
2019-01-23 22:00:00,10.188311,vm-+awokSP9dTsmKHefodi+CuXd+PIhJQklrH4W8797MEq9hMgA8OmZeoHg2pI4Fs9U,Delay-insensitive
2019-01-23 23:00:00,8.982398,vm-+awokSP9dTsmKHefodi+CuXd+PIhJQklrH4W8797MEq9hMgA8OmZeoHg2pI4Fs9U,Delay-insensitive
2019-01-24 00:00:00,8.810857,vm-+awokSP9dTsmKHefodi+CuXd+PIhJQklrH4W8797MEq9hMgA8OmZeoHg2pI4Fs9U,Delay-insensitive
2019-01-24 01:00:00,8.759353,vm-+awokSP9dTsmKHefodi+CuXd+PIhJQklrH4W8797MEq9hMgA8OmZeoHg2pI4Fs9U,Delay-insensitive
2019-01-24 02:00:00,8.811634,vm-+awokSP9dTsmKHefodi+CuXd+PIhJQklrH4W8797MEq9hMgA8OmZeoHg2pI4Fs9U,Delay-insensitive
2019-01-24 03:00:00,8.679149,vm-+awokSP9dTsmKHefodi+CuXd+PIhJQklrH4W8797MEq9hMgA8OmZeoHg2pI4Fs9U,Delay-insensitive
2019-01-24 04:00:00,8.898325,vm-+awokSP9dTsmKHefodi+CuXd+PIhJQklrH4W8797MEq9hMgA8OmZeoHg2pI4Fs9U,Delay-insensitive
2019-01-24 05:00:00,8.577524,vm-+awokSP9dTsmKHefodi+CuXd+PIhJQklrH4W8797MEq9hMgA8OmZeoHg2pI4Fs9U,Delay-insensitive
2019-01-24 06:00:00,10.125815,vm-+awokSP9dTsmKHefodi+CuXd+PIhJQklrH4W8797MEq9hMgA8OmZeoHg2pI4Fs9U,Delay-insensitive
2019-01-24 07:00:00,8.946204,vm-+awokSP9dTsmKHefodi+CuXd+PIhJQklrH4W8797MEq9hMgA8OmZeoHg2pI4Fs9U,Delay-insensitive
2019-01-24 08:00:00,9.288037,vm-+awokSP9dTsmKHefodi+CuXd+PIhJQklrH4W8797MEq9hMgA8OmZeoHg2pI4Fs9U,Delay-insensitive
2019-01-24 09:00:00,9.314129,vm-+awokSP9dTsmKHefodi+CuXd+PIhJQklrH4W8797MEq9hMgA8OmZeoHg2pI4Fs9U,Delay-insensitive
2019-01-24 10:00:00,9.004565,vm-+awokSP9dTsmKHefodi+CuXd+PIhJQklrH4W8797MEq9hMgA8OmZeoHg2pI4Fs9U,Delay-insensitive
2019-01-24 11:00:00,9.000884,vm-+awokSP9dTsmKHefodi+CuXd+PIhJQklrH4W8797MEq9hMgA8OmZeoHg2pI4Fs9U,Delay-insensitive
2019-01-24 12:00:00,9.0640135,vm-+awokSP9dTsmKHefodi+CuXd+PIhJQklrH4W8797MEq9hMgA8OmZeoHg2pI4Fs9U,Delay-insensitive
2019-01-24 13:00:00,9.0512495,vm-+awokSP9dTsmKHefodi+CuXd+PIhJQklrH4W8797MEq9hMgA8OmZeoHg2pI4Fs9U,Delay-insensitive
2019-01-24 14:00:00,9.018018,vm-+awokSP9dTsmKHefodi+CuXd+PIhJQklrH4W8797MEq9hMgA8OmZeoHg2pI4Fs9U,Delay-insensitive
2019-01-24 15:00:00,10.194628,vm-+awokSP9dTsmKHefodi+CuXd+PIhJQklrH4W8797MEq9hMgA8OmZeoHg2pI4Fs9U,Delay-insensitive
2019-01-24 16:00:00,9.772811,vm-+awokSP9dTsmKHefodi+CuXd+PIhJQklrH4W8797MEq9hMgA8OmZeoHg2pI4Fs9U,Delay-insensitive
2019-01-24 17:00:00,8.970675,vm-+awokSP9dTsmKHefodi+CuXd+PIhJQklrH4W8797MEq9hMgA8OmZeoHg2pI4Fs9U,Delay-insensitive
2019-01-24 18:00:00,9.043986,vm-+awokSP9dTsmKHefodi+CuXd+PIhJQklrH4W8797MEq9hMgA8OmZeoHg2pI4Fs9U,Delay-insensitive
2019-01-24 19:00:00,8.947379,vm-+awokSP9dTsmKHefodi+CuXd+PIhJQklrH4W8797MEq9hMgA8OmZeoHg2pI4Fs9U,Delay-insensitive
2019-01-24 20:00:00,9.021338,vm-+awokSP9dTsmKHefodi+CuXd+PIhJQklrH4W8797MEq9hMgA8OmZeoHg2pI4Fs9U,Delay-insensitive
2019-01-24 21:00:00,9.007785,vm-+awokSP9dTsmKHefodi+CuXd+PIhJQklrH4W8797MEq9hMgA8OmZeoHg2pI4Fs9U,Delay-insensitive
2019-01-24 22:00:00,8.965369,vm-+awokSP9dTsmKHefodi+CuXd+PIhJQklrH4W8797MEq9hMgA8OmZeoHg2pI4Fs9U,Delay-insensitive
2019-01-24 23:00:00,10.174512,vm-+awokSP9dTsmKHefodi+CuXd+PIhJQklrH4W8797MEq9hMgA8OmZeoHg2pI4Fs9U,Delay-insensitive
2019-01-25 00:00:00,9.024562,vm-+awokSP9dTsmKHefodi+CuXd+PIhJQklrH4W8797MEq9hMgA8OmZeoHg2pI4Fs9U,Delay-insensitive
2019-01-25 01:00:00,8.814839,vm-+awokSP9dTsmKHefodi+CuXd+PIhJQklrH4W8797MEq9hMgA8OmZeoHg2pI4Fs9U,Delay-insensitive
2019-01-25 02:00:00,9.012213,vm-+awokSP9dTsmKHefodi+CuXd+PIhJQklrH4W8797MEq9hMgA8OmZeoHg2pI4Fs9U,Delay-insensitive
2019-01-25 03:00:00,9.208217,vm-+awokSP9dTsmKHefodi+CuXd+PIhJQklrH4W8797MEq9hMgA8OmZeoHg2pI4Fs9U,Delay-insensitive
2019-01-25 04:00:00,9.945157,vm-+awokSP9dTsmKHefodi+CuXd+PIhJQklrH4W8797MEq9hMgA8OmZeoHg2pI4Fs9U,Delay-insensitive
2019-01-25 05:00:00,8.868768,vm-+awokSP9dTsmKHefodi+CuXd+PIhJQklrH4W8797MEq9hMgA8OmZeoHg2pI4Fs9U,Delay-insensitive
2019-01-25 06:00:00,8.898076,vm-+awokSP9dTsmKHefodi+CuXd+PIhJQklrH4W8797MEq9hMgA8OmZeoHg2pI4Fs9U,Delay-insensitive
2019-01-25 07:00:00,11.11402,vm-+awokSP9dTsmKHefodi+CuXd+PIhJQklrH4W8797MEq9hMgA8OmZeoHg2pI4Fs9U,Delay-insensitive
2019-01-25 08:00:00,9.45128,vm-+awokSP9dTsmKHefodi+CuXd+PIhJQklrH4W8797MEq9hMgA8OmZeoHg2pI4Fs9U,Delay-insensitive
2019-01-25 09:00:00,10.220518,vm-+awokSP9dTsmKHefodi+CuXd+PIhJQklrH4W8797MEq9hMgA8OmZeoHg2pI4Fs9U,Delay-insensitive
2019-01-25 10:00:00,10.156891,vm-+awokSP9dTsmKHefodi+CuXd+PIhJQklrH4W8797MEq9hMgA8OmZeoHg2pI4Fs9U,Delay-insensitive
2019-01-25 11:00:00,10.609736,vm-+awokSP9dTsmKHefodi+CuXd+PIhJQklrH4W8797MEq9hMgA8OmZeoHg2pI4Fs9U,Delay-insensitive
2019-01-25 12:00:00,8.97969,vm-+awokSP9dTsmKHefodi+CuXd+PIhJQklrH4W8797MEq9hMgA8OmZeoHg2pI4Fs9U,Delay-insensitive
2019-01-25 13:00:00,8.931751,vm-+awokSP9dTsmKHefodi+CuXd+PIhJQklrH4W8797MEq9hMgA8OmZeoHg2pI4Fs9U,Delay-insensitive
2019-01-25 14:00:00,9.016337,vm-+awokSP9dTsmKHefodi+CuXd+PIhJQklrH4W8797MEq9hMgA8OmZeoHg2pI4Fs9U,Delay-insensitive
2019-01-25 15:00:00,10.217943,vm-+awokSP9dTsmKHefodi+CuXd+PIhJQklrH4W8797MEq9hMgA8OmZeoHg2pI4Fs9U,Delay-insensitive
2019-01-25 16:00:00,9.035781,vm-+awokSP9dTsmKHefodi+CuXd+PIhJQklrH4W8797MEq9hMgA8OmZeoHg2pI4Fs9U,Delay-insensitive
2019-01-25 17:00:00,9.021869,vm-+awokSP9dTsmKHefodi+CuXd+PIhJQklrH4W8797MEq9hMgA8OmZeoHg2pI4Fs9U,Delay-insensitive
2019-01-25 18:00:00,9.102421,vm-+awokSP9dTsmKHefodi+CuXd+PIhJQklrH4W8797MEq9hMgA8OmZeoHg2pI4Fs9U,Delay-insensitive
2019-01-25 19:00:00,8.831441,vm-+awokSP9dTsmKHefodi+CuXd+PIhJQklrH4W8797MEq9hMgA8OmZeoHg2pI4Fs9U,Delay-insensitive
2019-01-25 20:00:00,8.74384,vm-+awokSP9dTsmKHefodi+CuXd+PIhJQklrH4W8797MEq9hMgA8OmZeoHg2pI4Fs9U,Delay-insensitive
2019-01-25 21:00:00,9.055867,vm-+awokSP9dTsmKHefodi+CuXd+PIhJQklrH4W8797MEq9hMgA8OmZeoHg2pI4Fs9U,Delay-insensitive
2019-01-25 22:00:00,9.087237,vm-+awokSP9dTsmKHefodi+CuXd+PIhJQklrH4W8797MEq9hMgA8OmZeoHg2pI4Fs9U,Delay-insensitive
2019-01-25 23:00:00,10.107432,vm-+awokSP9dTsmKHefodi+CuXd+PIhJQklrH4W8797MEq9hMgA8OmZeoHg2pI4Fs9U,Delay-insensitive
2019-01-26 00:00:00,9.1180315,vm-+awokSP9dTsmKHefodi+CuXd+PIhJQklrH4W8797MEq9hMgA8OmZeoHg2pI4Fs9U,Delay-insensitive
2019-01-26 01:00:00,9.039417,vm-+awokSP9dTsmKHefodi+CuXd+PIhJQklrH4W8797MEq9hMgA8OmZeoHg2pI4Fs9U,Delay-insensitive
2019-01-26 02:00:00,9.049052,vm-+awokSP9dTsmKHefodi+CuXd+PIhJQklrH4W8797MEq9hMgA8OmZeoHg2pI4Fs9U,Delay-insensitive
2019-01-26 03:00:00,9.175846,vm-+awokSP9dTsmKHefodi+CuXd+PIhJQklrH4W8797MEq9hMgA8OmZeoHg2pI4Fs9U,Delay-insensitive
2019-01-26 04:00:00,9.96484,vm-+awokSP9dTsmKHefodi+CuXd+PIhJQklrH4W8797MEq9hMgA8OmZeoHg2pI4Fs9U,Delay-insensitive
2019-01-26 05:00:00,12.093303,vm-+awokSP9dTsmKHefodi+CuXd+PIhJQklrH4W8797MEq9hMgA8OmZeoHg2pI4Fs9U,Delay-insensitive
2019-01-26 06:00:00,9.07841,vm-+awokSP9dTsmKHefodi+CuXd+PIhJQklrH4W8797MEq9hMgA8OmZeoHg2pI4Fs9U,Delay-insensitive
2019-01-26 07:00:00,10.071377,vm-+awokSP9dTsmKHefodi+CuXd+PIhJQklrH4W8797MEq9hMgA8OmZeoHg2pI4Fs9U,Delay-insensitive
2019-01-26 08:00:00,9.291754,vm-+awokSP9dTsmKHefodi+CuXd+PIhJQklrH4W8797MEq9hMgA8OmZeoHg2pI4Fs9U,Delay-insensitive
2019-01-26 09:00:00,9.381944,vm-+awokSP9dTsmKHefodi+CuXd+PIhJQklrH4W8797MEq9hMgA8OmZeoHg2pI4Fs9U,Delay-insensitive
2019-01-26 10:00:00,10.730258,vm-+awokSP9dTsmKHefodi+CuXd+PIhJQklrH4W8797MEq9hMgA8OmZeoHg2pI4Fs9U,Delay-insensitive
2019-01-26 11:00:00,10.039514,vm-+awokSP9dTsmKHefodi+CuXd+PIhJQklrH4W8797MEq9hMgA8OmZeoHg2pI4Fs9U,Delay-insensitive
2019-01-26 12:00:00,9.061991,vm-+awokSP9dTsmKHefodi+CuXd+PIhJQklrH4W8797MEq9hMgA8OmZeoHg2pI4Fs9U,Delay-insensitive
2019-01-26 13:00:00,8.898263,vm-+awokSP9dTsmKHefodi+CuXd+PIhJQklrH4W8797MEq9hMgA8OmZeoHg2pI4Fs9U,Delay-insensitive
2019-01-26 14:00:00,9.042001,vm-+awokSP9dTsmKHefodi+CuXd+PIhJQklrH4W8797MEq9hMgA8OmZeoHg2pI4Fs9U,Delay-insensitive
2019-01-26 15:00:00,9.059441,vm-+awokSP9dTsmKHefodi+CuXd+PIhJQklrH4W8797MEq9hMgA8OmZeoHg2pI4Fs9U,Delay-insensitive
2019-01-26 16:00:00,10.865476,vm-+awokSP9dTsmKHefodi+CuXd+PIhJQklrH4W8797MEq9hMgA8OmZeoHg2pI4Fs9U,Delay-insensitive
2019-01-26 17:00:00,9.137645,vm-+awokSP9dTsmKHefodi+CuXd+PIhJQklrH4W8797MEq9hMgA8OmZeoHg2pI4Fs9U,Delay-insensitive
2019-01-26 18:00:00,9.150062,vm-+awokSP9dTsmKHefodi+CuXd+PIhJQklrH4W8797MEq9hMgA8OmZeoHg2pI4Fs9U,Delay-insensitive
2019-01-26 19:00:00,9.042748,vm-+awokSP9dTsmKHefodi+CuXd+PIhJQklrH4W8797MEq9hMgA8OmZeoHg2pI4Fs9U,Delay-insensitive
2019-01-26 20:00:00,9.114688,vm-+awokSP9dTsmKHefodi+CuXd+PIhJQklrH4W8797MEq9hMgA8OmZeoHg2pI4Fs9U,Delay-insensitive
2019-01-26 21:00:00,9.093407,vm-+awokSP9dTsmKHefodi+CuXd+PIhJQklrH4W8797MEq9hMgA8OmZeoHg2pI4Fs9U,Delay-insensitive
2019-01-26 22:00:00,9.131385,vm-+awokSP9dTsmKHefodi+CuXd+PIhJQklrH4W8797MEq9hMgA8OmZeoHg2pI4Fs9U,Delay-insensitive
2019-01-26 23:00:00,9.052083,vm-+awokSP9dTsmKHefodi+CuXd+PIhJQklrH4W8797MEq9hMgA8OmZeoHg2pI4Fs9U,Delay-insensitive
2019-01-27 00:00:00,10.065564,vm-+awokSP9dTsmKHefodi+CuXd+PIhJQklrH4W8797MEq9hMgA8OmZeoHg2pI4Fs9U,Delay-insensitive
2019-01-27 01:00:00,8.995109,vm-+awokSP9dTsmKHefodi+CuXd+PIhJQklrH4W8797MEq9hMgA8OmZeoHg2pI4Fs9U,Delay-insensitive
2019-01-27 02:00:00,9.198192,vm-+awokSP9dTsmKHefodi+CuXd+PIhJQklrH4W8797MEq9hMgA8OmZeoHg2pI4Fs9U,Delay-insensitive
2019-01-27 03:00:00,10.35918,vm-+awokSP9dTsmKHefodi+CuXd+PIhJQklrH4W8797MEq9hMgA8OmZeoHg2pI4Fs9U,Delay-insensitive
2019-01-27 04:00:00,10.999888,vm-+awokSP9dTsmKHefodi+CuXd+PIhJQklrH4W8797MEq9hMgA8OmZeoHg2pI4Fs9U,Delay-insensitive
2019-01-27 05:00:00,12.098041,vm-+awokSP9dTsmKHefodi+CuXd+PIhJQklrH4W8797MEq9hMgA8OmZeoHg2pI4Fs9U,Delay-insensitive
2019-01-27 06:00:00,8.977547,vm-+awokSP9dTsmKHefodi+CuXd+PIhJQklrH4W8797MEq9hMgA8OmZeoHg2pI4Fs9U,Delay-insensitive
2019-01-27 07:00:00,8.925178,vm-+awokSP9dTsmKHefodi+CuXd+PIhJQklrH4W8797MEq9hMgA8OmZeoHg2pI4Fs9U,Delay-insensitive
2019-01-27 08:00:00,10.615455,vm-+awokSP9dTsmKHefodi+CuXd+PIhJQklrH4W8797MEq9hMgA8OmZeoHg2pI4Fs9U,Delay-insensitive
2019-01-27 09:00:00,10.409236,vm-+awokSP9dTsmKHefodi+CuXd+PIhJQklrH4W8797MEq9hMgA8OmZeoHg2pI4Fs9U,Delay-insensitive
2019-01-27 10:00:00,9.17978,vm-+awokSP9dTsmKHefodi+CuXd+PIhJQklrH4W8797MEq9hMgA8OmZeoHg2pI4Fs9U,Delay-insensitive
2019-01-27 11:00:00,9.041028,vm-+awokSP9dTsmKHefodi+CuXd+PIhJQklrH4W8797MEq9hMgA8OmZeoHg2pI4Fs9U,Delay-insensitive
2019-01-27 12:00:00,11.197612,vm-+awokSP9dTsmKHefodi+CuXd+PIhJQklrH4W8797MEq9hMgA8OmZeoHg2pI4Fs9U,Delay-insensitive
2019-01-27 13:00:00,9.835151,vm-+awokSP9dTsmKHefodi+CuXd+PIhJQklrH4W8797MEq9hMgA8OmZeoHg2pI4Fs9U,Delay-insensitive
2019-01-27 14:00:00,9.700961,vm-+awokSP9dTsmKHefodi+CuXd+PIhJQklrH4W8797MEq9hMgA8OmZeoHg2pI4Fs9U,Delay-insensitive
2019-01-27 15:00:00,9.728187,vm-+awokSP9dTsmKHefodi+CuXd+PIhJQklrH4W8797MEq9hMgA8OmZeoHg2pI4Fs9U,Delay-insensitive
2019-01-27 16:00:00,10.893439,vm-+awokSP9dTsmKHefodi+CuXd+PIhJQklrH4W8797MEq9hMgA8OmZeoHg2pI4Fs9U,Delay-insensitive
2019-01-27 17:00:00,9.838424,vm-+awokSP9dTsmKHefodi+CuXd+PIhJQklrH4W8797MEq9hMgA8OmZeoHg2pI4Fs9U,Delay-insensitive
2019-01-27 18:00:00,9.801478,vm-+awokSP9dTsmKHefodi+CuXd+PIhJQklrH4W8797MEq9hMgA8OmZeoHg2pI4Fs9U,Delay-insensitive
2019-01-27 19:00:00,9.742831,vm-+awokSP9dTsmKHefodi+CuXd+PIhJQklrH4W8797MEq9hMgA8OmZeoHg2pI4Fs9U,Delay-insensitive
2019-01-27 20:00:00,9.797587,vm-+awokSP9dTsmKHefodi+CuXd+PIhJQklrH4W8797MEq9hMgA8OmZeoHg2pI4Fs9U,Delay-insensitive
2019-01-27 21:00:00,9.834663,vm-+awokSP9dTsmKHefodi+CuXd+PIhJQklrH4W8797MEq9hMgA8OmZeoHg2pI4Fs9U,Delay-insensitive
2019-01-27 22:00:00,9.950396,vm-+awokSP9dTsmKHefodi+CuXd+PIhJQklrH4W8797MEq9hMgA8OmZeoHg2pI4Fs9U,Delay-insensitive
2019-01-27 23:00:00,9.779592,vm-+awokSP9dTsmKHefodi+CuXd+PIhJQklrH4W8797MEq9hMgA8OmZeoHg2pI4Fs9U,Delay-insensitive
2019-01-28 00:00:00,10.892384,vm-+awokSP9dTsmKHefodi+CuXd+PIhJQklrH4W8797MEq9hMgA8OmZeoHg2pI4Fs9U,Delay-insensitive
2019-01-28 01:00:00,9.595127,vm-+awokSP9dTsmKHefodi+CuXd+PIhJQklrH4W8797MEq9hMgA8OmZeoHg2pI4Fs9U,Delay-insensitive
2019-01-28 02:00:00,9.744147,vm-+awokSP9dTsmKHefodi+CuXd+PIhJQklrH4W8797MEq9hMgA8OmZeoHg2pI4Fs9U,Delay-insensitive
2019-01-28 03:00:00,9.9461355,vm-+awokSP9dTsmKHefodi+CuXd+PIhJQklrH4W8797MEq9hMgA8OmZeoHg2pI4Fs9U,Delay-insensitive
2019-01-28 04:00:00,9.87229,vm-+awokSP9dTsmKHefodi+CuXd+PIhJQklrH4W8797MEq9hMgA8OmZeoHg2pI4Fs9U,Delay-insensitive
2019-01-28 05:00:00,9.854726,vm-+awokSP9dTsmKHefodi+CuXd+PIhJQklrH4W8797MEq9hMgA8OmZeoHg2pI4Fs9U,Delay-insensitive
2019-01-28 06:00:00,9.688269,vm-+awokSP9dTsmKHefodi+CuXd+PIhJQklrH4W8797MEq9hMgA8OmZeoHg2pI4Fs9U,Delay-insensitive
2019-01-28 07:00:00,11.201091,vm-+awokSP9dTsmKHefodi+CuXd+PIhJQklrH4W8797MEq9hMgA8OmZeoHg2pI4Fs9U,Delay-insensitive
2019-01-28 08:00:00,11.4606905,vm-+awokSP9dTsmKHefodi+CuXd+PIhJQklrH4W8797MEq9hMgA8OmZeoHg2pI4Fs9U,Delay-insensitive
2019-01-28 09:00:00,12.767474,vm-+awokSP9dTsmKHefodi+CuXd+PIhJQklrH4W8797MEq9hMgA8OmZeoHg2pI4Fs9U,Delay-insensitive
2019-01-28 10:00:00,9.861943,vm-+awokSP9dTsmKHefodi+CuXd+PIhJQklrH4W8797MEq9hMgA8OmZeoHg2pI4Fs9U,Delay-insensitive
2019-01-28 11:00:00,11.0563135,vm-+awokSP9dTsmKHefodi+CuXd+PIhJQklrH4W8797MEq9hMgA8OmZeoHg2pI4Fs9U,Delay-insensitive
2019-01-28 12:00:00,11.244267,vm-+awokSP9dTsmKHefodi+CuXd+PIhJQklrH4W8797MEq9hMgA8OmZeoHg2pI4Fs9U,Delay-insensitive
2019-01-28 13:00:00,12.575999,vm-+awokSP9dTsmKHefodi+CuXd+PIhJQklrH4W8797MEq9hMgA8OmZeoHg2pI4Fs9U,Delay-insensitive
2019-01-28 14:00:00,11.056674,vm-+awokSP9dTsmKHefodi+CuXd+PIhJQklrH4W8797MEq9hMgA8OmZeoHg2pI4Fs9U,Delay-insensitive
2019-01-28 15:00:00,10.871162,vm-+awokSP9dTsmKHefodi+CuXd+PIhJQklrH4W8797MEq9hMgA8OmZeoHg2pI4Fs9U,Delay-insensitive
2019-01-28 16:00:00,10.293019,vm-+awokSP9dTsmKHefodi+CuXd+PIhJQklrH4W8797MEq9hMgA8OmZeoHg2pI4Fs9U,Delay-insensitive
2019-01-28 17:00:00,10.897193,vm-+awokSP9dTsmKHefodi+CuXd+PIhJQklrH4W8797MEq9hMgA8OmZeoHg2pI4Fs9U,Delay-insensitive
2019-01-28 18:00:00,9.698717,vm-+awokSP9dTsmKHefodi+CuXd+PIhJQklrH4W8797MEq9hMgA8OmZeoHg2pI4Fs9U,Delay-insensitive
2019-01-28 19:00:00,9.692634,vm-+awokSP9dTsmKHefodi+CuXd+PIhJQklrH4W8797MEq9hMgA8OmZeoHg2pI4Fs9U,Delay-insensitive
2019-01-28 20:00:00,9.602223,vm-+awokSP9dTsmKHefodi+CuXd+PIhJQklrH4W8797MEq9hMgA8OmZeoHg2pI4Fs9U,Delay-insensitive
2019-01-28 21:00:00,9.765767,vm-+awokSP9dTsmKHefodi+CuXd+PIhJQklrH4W8797MEq9hMgA8OmZeoHg2pI4Fs9U,Delay-insensitive
2019-01-28 22:00:00,10.395598,vm-+awokSP9dTsmKHefodi+CuXd+PIhJQklrH4W8797MEq9hMgA8OmZeoHg2pI4Fs9U,Delay-insensitive
2019-01-28 23:00:00,9.689084,vm-+awokSP9dTsmKHefodi+CuXd+PIhJQklrH4W8797MEq9hMgA8OmZeoHg2pI4Fs9U,Delay-insensitive
2019-01-29 00:00:00,9.611737,vm-+awokSP9dTsmKHefodi+CuXd+PIhJQklrH4W8797MEq9hMgA8OmZeoHg2pI4Fs9U,Delay-insensitive
2019-01-29 01:00:00,10.765437,vm-+awokSP9dTsmKHefodi+CuXd+PIhJQklrH4W8797MEq9hMgA8OmZeoHg2pI4Fs9U,Delay-insensitive
2019-01-29 02:00:00,9.773633,vm-+awokSP9dTsmKHefodi+CuXd+PIhJQklrH4W8797MEq9hMgA8OmZeoHg2pI4Fs9U,Delay-insensitive
2019-01-29 03:00:00,9.885738,vm-+awokSP9dTsmKHefodi+CuXd+PIhJQklrH4W8797MEq9hMgA8OmZeoHg2pI4Fs9U,Delay-insensitive
2019-01-29 04:00:00,9.796238,vm-+awokSP9dTsmKHefodi+CuXd+PIhJQklrH4W8797MEq9hMgA8OmZeoHg2pI4Fs9U,Delay-insensitive
2019-01-29 05:00:00,9.785618,vm-+awokSP9dTsmKHefodi+CuXd+PIhJQklrH4W8797MEq9hMgA8OmZeoHg2pI4Fs9U,Delay-insensitive
2019-01-29 06:00:00,9.759313,vm-+awokSP9dTsmKHefodi+CuXd+PIhJQklrH4W8797MEq9hMgA8OmZeoHg2pI4Fs9U,Delay-insensitive
2019-01-29 07:00:00,9.76057,vm-+awokSP9dTsmKHefodi+CuXd+PIhJQklrH4W8797MEq9hMgA8OmZeoHg2pI4Fs9U,Delay-insensitive
2019-01-29 08:00:00,10.241889,vm-+awokSP9dTsmKHefodi+CuXd+PIhJQklrH4W8797MEq9hMgA8OmZeoHg2pI4Fs9U,Delay-insensitive
2019-01-29 09:00:00,11.051373,vm-+awokSP9dTsmKHefodi+CuXd+PIhJQklrH4W8797MEq9hMgA8OmZeoHg2pI4Fs9U,Delay-insensitive
2019-01-29 10:00:00,9.73315,vm-+awokSP9dTsmKHefodi+CuXd+PIhJQklrH4W8797MEq9hMgA8OmZeoHg2pI4Fs9U,Delay-insensitive
2019-01-29 11:00:00,9.84658,vm-+awokSP9dTsmKHefodi+CuXd+PIhJQklrH4W8797MEq9hMgA8OmZeoHg2pI4Fs9U,Delay-insensitive
2019-01-29 12:00:00,9.8600855,vm-+awokSP9dTsmKHefodi+CuXd+PIhJQklrH4W8797MEq9hMgA8OmZeoHg2pI4Fs9U,Delay-insensitive
2019-01-29 13:00:00,9.540217,vm-+awokSP9dTsmKHefodi+CuXd+PIhJQklrH4W8797MEq9hMgA8OmZeoHg2pI4Fs9U,Delay-insensitive
2019-01-29 14:00:00,9.637485,vm-+awokSP9dTsmKHefodi+CuXd+PIhJQklrH4W8797MEq9hMgA8OmZeoHg2pI4Fs9U,Delay-insensitive
2019-01-29 15:00:00,9.793588,vm-+awokSP9dTsmKHefodi+CuXd+PIhJQklrH4W8797MEq9hMgA8OmZeoHg2pI4Fs9U,Delay-insensitive
2019-01-29 16:00:00,9.845192,vm-+awokSP9dTsmKHefodi+CuXd+PIhJQklrH4W8797MEq9hMgA8OmZeoHg2pI4Fs9U,Delay-insensitive
2019-01-29 17:00:00,10.806624,vm-+awokSP9dTsmKHefodi+CuXd+PIhJQklrH4W8797MEq9hMgA8OmZeoHg2pI4Fs9U,Delay-insensitive
2019-01-29 18:00:00,9.83089,vm-+awokSP9dTsmKHefodi+CuXd+PIhJQklrH4W8797MEq9hMgA8OmZeoHg2pI4Fs9U,Delay-insensitive
2019-01-29 19:00:00,9.894639,vm-+awokSP9dTsmKHefodi+CuXd+PIhJQklrH4W8797MEq9hMgA8OmZeoHg2pI4Fs9U,Delay-insensitive
2019-01-29 20:00:00,9.690501,vm-+awokSP9dTsmKHefodi+CuXd+PIhJQklrH4W8797MEq9hMgA8OmZeoHg2pI4Fs9U,Delay-insensitive
2019-01-29 21:00:00,9.926366,vm-+awokSP9dTsmKHefodi+CuXd+PIhJQklrH4W8797MEq9hMgA8OmZeoHg2pI4Fs9U,Delay-insensitive
2019-01-29 22:00:00,10.029477,vm-+awokSP9dTsmKHefodi+CuXd+PIhJQklrH4W8797MEq9hMgA8OmZeoHg2pI4Fs9U,Delay-insensitive
2019-01-29 23:00:00,9.770631,vm-+awokSP9dTsmKHefodi+CuXd+PIhJQklrH4W8797MEq9hMgA8OmZeoHg2pI4Fs9U,Delay-insensitive
2019-01-30 00:00:00,9.829332,vm-+awokSP9dTsmKHefodi+CuXd+PIhJQklrH4W8797MEq9hMgA8OmZeoHg2pI4Fs9U,Delay-insensitive
2019-01-30 01:00:00,10.760646,vm-+awokSP9dTsmKHefodi+CuXd+PIhJQklrH4W8797MEq9hMgA8OmZeoHg2pI4Fs9U,Delay-insensitive
2019-01-30 02:00:00,9.825971,vm-+awokSP9dTsmKHefodi+CuXd+PIhJQklrH4W8797MEq9hMgA8OmZeoHg2pI4Fs9U,Delay-insensitive
2019-01-30 03:00:00,9.853401,vm-+awokSP9dTsmKHefodi+CuXd+PIhJQklrH4W8797MEq9hMgA8OmZeoHg2pI4Fs9U,Delay-insensitive
2019-01-30 04:00:00,9.89742,vm-+awokSP9dTsmKHefodi+CuXd+PIhJQklrH4W8797MEq9hMgA8OmZeoHg2pI4Fs9U,Delay-insensitive
2019-01-30 05:00:00,9.340526,vm-+awokSP9dTsmKHefodi+CuXd+PIhJQklrH4W8797MEq9hMgA8OmZeoHg2pI4Fs9U,Delay-insensitive
2019-01-30 06:00:00,9.595927,vm-+awokSP9dTsmKHefodi+CuXd+PIhJQklrH4W8797MEq9hMgA8OmZeoHg2pI4Fs9U,Delay-insensitive
2019-01-30 07:00:00,9.830226,vm-+awokSP9dTsmKHefodi+CuXd+PIhJQklrH4W8797MEq9hMgA8OmZeoHg2pI4Fs9U,Delay-insensitive
2019-01-30 08:00:00,10.941541,vm-+awokSP9dTsmKHefodi+CuXd+PIhJQklrH4W8797MEq9hMgA8OmZeoHg2pI4Fs9U,Delay-insensitive
2019-01-30 09:00:00,11.079461,vm-+awokSP9dTsmKHefodi+CuXd+PIhJQklrH4W8797MEq9hMgA8OmZeoHg2pI4Fs9U,Delay-insensitive
2019-01-30 10:00:00,9.759799,vm-+awokSP9dTsmKHefodi+CuXd+PIhJQklrH4W8797MEq9hMgA8OmZeoHg2pI4Fs9U,Delay-insensitive
2019-01-30 11:00:00,9.7682705,vm-+awokSP9dTsmKHefodi+CuXd+PIhJQklrH4W8797MEq9hMgA8OmZeoHg2pI4Fs9U,Delay-insensitive
2019-01-30 12:00:00,9.757863,vm-+awokSP9dTsmKHefodi+CuXd+PIhJQklrH4W8797MEq9hMgA8OmZeoHg2pI4Fs9U,Delay-insensitive
2019-01-30 13:00:00,9.667568,vm-+awokSP9dTsmKHefodi+CuXd+PIhJQklrH4W8797MEq9hMgA8OmZeoHg2pI4Fs9U,Delay-insensitive
2019-01-30 14:00:00,9.653567,vm-+awokSP9dTsmKHefodi+CuXd+PIhJQklrH4W8797MEq9hMgA8OmZeoHg2pI4Fs9U,Delay-insensitive
2019-01-30 15:00:00,9.685719,vm-+awokSP9dTsmKHefodi+CuXd+PIhJQklrH4W8797MEq9hMgA8OmZeoHg2pI4Fs9U,Delay-insensitive
2019-01-30 16:00:00,9.728517,vm-+awokSP9dTsmKHefodi+CuXd+PIhJQklrH4W8797MEq9hMgA8OmZeoHg2pI4Fs9U,Delay-insensitive
2019-01-30 17:00:00,9.99257,vm-+awokSP9dTsmKHefodi+CuXd+PIhJQklrH4W8797MEq9hMgA8OmZeoHg2pI4Fs9U,Delay-insensitive
2019-01-30 18:00:00,10.665817,vm-+awokSP9dTsmKHefodi+CuXd+PIhJQklrH4W8797MEq9hMgA8OmZeoHg2pI4Fs9U,Delay-insensitive
2019-01-30 19:00:00,9.886592,vm-+awokSP9dTsmKHefodi+CuXd+PIhJQklrH4W8797MEq9hMgA8OmZeoHg2pI4Fs9U,Delay-insensitive
2019-01-30 20:00:00,9.867183,vm-+awokSP9dTsmKHefodi+CuXd+PIhJQklrH4W8797MEq9hMgA8OmZeoHg2pI4Fs9U,Delay-insensitive
2019-01-30 21:00:00,9.926894,vm-+awokSP9dTsmKHefodi+CuXd+PIhJQklrH4W8797MEq9hMgA8OmZeoHg2pI4Fs9U,Delay-insensitive
2019-01-30 22:00:00,9.69342,vm-+awokSP9dTsmKHefodi+CuXd+PIhJQklrH4W8797MEq9hMgA8OmZeoHg2pI4Fs9U,Delay-insensitive
2019-01-30 23:00:00,9.869329,vm-+awokSP9dTsmKHefodi+CuXd+PIhJQklrH4W8797MEq9hMgA8OmZeoHg2pI4Fs9U,Delay-insensitive
